iter	Logloss
0	0.6857099219
1	0.6812320754
2	0.6763263538
3	0.6745379103
4	0.6723675099
5	0.6710048513
6	0.6699518321
7	0.668499125
8	0.6678559839
9	0.6673394493
10	0.6641135605
11	0.6639111389
12	0.6617131847
13	0.6611223038
14	0.6601363998
15	0.6599650525
16	0.6595683516
17	0.658236066
18	0.6557443503
19	0.6554132229
20	0.6552552049
21	0.6551868462
22	0.6539322456
23	0.6536646608
24	0.6534369931
25	0.6522053452
26	0.6519546703
27	0.6515849598
28	0.6513996325
29	0.6494778052
